WARNING: This is a smutty erotic porn game for 18+ audiences only!,WARNING: This is a smutty erotic porn game for 18+ audiences only!
Unless the age is older in your country. Then go by that age!,Unless the age is older in your country. Then go by that age!
Monday,Monday
Tuesday,Tuesday
Wednesday,Wednesday
Thursday,Thursday
Friday,Friday
Saturday,Saturday
Sunday,Sunday
Morning,Morning
Day,Day
Evening,Evening
Night,Night
Morn,Morn
Day,Day
Even,Even
Night,Night
Ian,Ian
he,he
him,him
his,his
his,his
brother,brother
bro,bro
she,she
her,her
her,her
hers,hers
sister,sister
sis,sis
Now be honest. Are you 18 years old or older?,Now be honest. Are you 18 years old or older?
Yes,Yes
No,No
What would you like to do?,What would you like to do?
Remake Character,Remake Character
Start Game,Start Game
"Skip Intro (New Intro, so don't)","Skip Intro (New Intro, so don't)"
,
,
,
,
,
,
,
,
,
,
,
,
,
,
,
,
,
,
,
,
,
,
,
,
,
,
,
,
,
,
,
,
,
,
,
,
,
,
,
,
,
,
,
,
,
,
,
,
,
,
,
,
,
,
,
,
,
,
,
,
,
,
,
,
,
,
,
,
,
,
,
,
,
,
,
,
,
,
,
,
,
,
,
,
,
,
,
,
,
,
,
,
,
" so don''t)""'"," so don''t)""'"
